TP_FUNDO_CLASSE;CNPJ_FUNDO_CLASSE;DENOM_SOCIAL;DT_COMPTC;TP_APLIC;TP_ATIVO;EMISSOR_LIGADO;TP_NEGOC;QT_VENDA_NEGOC;VL_VENDA_NEGOC;QT_AQUIS_NEGOC;VL_AQUIS_NEGOC;QT_POS_FINAL;VL_MERC_POS_FINAL;VL_CUSTO_POS_FINAL;DT_CONFID_APLIC;CD_SWAP;DS_SWAP
CLASSES - FIF;05.075.861/0001-52;BB TOP EURO FUNDO DE INVESTIMENTO FINANCEIRO CAMBIAL LONGO PRAZO RESPONSABILIDADE LIMITADA;2025-04-30;DIFERENCIAL DE SWAP A RECEBER;SWAP;;;;;;;;1631651.20;;;SDE;DI1 X REU
CLASSES - FIF;11.702.084/0001-21;SAINT GERMAIN FUNDO DE INVESTIMENTO MULTI - RESPONSANBILIDADE LIMITADA;2025-04-30;DIFERENCIAL DE SWAP A PAGAR;SWAP;;;;;;;;4181011.52;;2025-07-29;Outros;999 X 999
CLASSES - FIF;11.702.084/0001-21;SAINT GERMAIN FUNDO DE INVESTIMENTO MULTI - RESPONSANBILIDADE LIMITADA;2025-04-30;DIFERENCIAL DE SWAP A RECEBER;SWAP;;;;;;;;22955942.13;;2025-07-29;Outros;999 X 999
CLASSES - FIF;11.886.391/0001-00;CLASSE A DE INVESTIMENTO MULTIMERCADO CRÉDITO PRIVADO;2025-04-30;DIFERENCIAL DE SWAP A RECEBER;SWAP;;;;;;;;582500.16;;;SDP;DI1 X PRE
CLASSES - FIF;13.107.003/0001-70;PASCAL FUNDO DE INVESTIMENTO FINANCEIRO MULTIMERCADO CRÉDITO PRIVADO IE - RESPONSABILIDADE LIMITADA;2025-04-30;DIFERENCIAL DE SWAP A PAGAR;SWAP;;;;;;;;102900458.20;;2025-07-29;Outros;999 X 999
CLASSES - FIF;14.239.657/0001-10;CAIXA MASTER CAPITAL PROTEGIDO IBOVESPA CICLICO I FIF MULTIMERCADO - RESPONSABILIDADE LIMITADA;2025-04-30;DIFERENCIAL DE SWAP A PAGAR;SWAP;;;;;;;;1852676.80;;;SDP;DI1 X PRE
CLASSES - FIF;16.916.060/0001-99;CAIXA INDEXA OURO FUNDO DE INVESTIMENTO FINANCEIRO MULTIMERCADO LONGO PRAZO - RESP LIMITADA;2025-04-30;DIFERENCIAL DE SWAP A PAGAR;SWAP;;;;;;;;1923868.15;;;Outros;999 X 999
CLASSES - FIF;16.916.060/0001-99;CAIXA INDEXA OURO FUNDO DE INVESTIMENTO FINANCEIRO MULTIMERCADO LONGO PRAZO - RESP LIMITADA;2025-04-30;DIFERENCIAL DE SWAP A RECEBER;SWAP;;;;;;;;15903847.77;;;Outros;999 X 999
CLASSES - FIF;22.013.952/0001-82;SANTANDER PB AMÉRICA MULTIMERCADO CRÉDITO PRIVADO - FUNDO DE INVESTIMENTO FINANCEIRO;2025-04-30;DIFERENCIAL DE SWAP A PAGAR;SWAP;;;;;;;;1295200.50;;2025-07-29;SDP;DI1 X PRE
CLASSES - FIF;22.013.978/0001-20;SANTANDER PB TAORMINA MULTIMERCADO CRÉDITO PRIVADO - FUNDO DE INVESTIMENTO FINANCEIRO;2025-04-30;DIFERENCIAL DE SWAP A PAGAR;SWAP;;;;;;;;533655.10;;2025-07-29;SDP;DI1 X PRE
CLASSES - FIF;22.963.439/0001-52;TREND OURO FUNDO DE INVESTIMENTO FINANCEIRO MULTIMERCADO - RESPONSABILIDADE LIMITADA;2025-04-30;DIFERENCIAL DE SWAP A RECEBER;SWAP;;;;;;;;8277677.26;;2025-07-29;Outros;999 X 999
CLASSES - FIF;22.975.153/0001-97;GLADIUS FIF MULTIMERCADO CRÉDITO PRIVADO INVESTIMENTO NO EXTERIOR;2025-04-30;DIFERENCIAL DE SWAP A PAGAR;SWAP;;;;;;;;8308468867.10;;2025-07-29;Outros;999 X 999
CLASSES - FIF;22.975.153/0001-97;GLADIUS FIF MULTIMERCADO CRÉDITO PRIVADO INVESTIMENTO NO EXTERIOR;2025-04-30;DIFERENCIAL DE SWAP A PAGAR;SWAP;;;;;;;;53837762.45;;2025-07-29;SLP;IAP X PRE
CLASSES - FIF;22.975.153/0001-97;GLADIUS FIF MULTIMERCADO CRÉDITO PRIVADO INVESTIMENTO NO EXTERIOR;2025-04-30;DIFERENCIAL DE SWAP A PAGAR;SWAP;;;;;;;;848695559.62;;2025-07-29;SDL;DI1 X IAP
CLASSES - FIF;22.975.153/0001-97;GLADIUS FIF MULTIMERCADO CRÉDITO PRIVADO INVESTIMENTO NO EXTERIOR;2025-04-30;DIFERENCIAL DE SWAP A PAGAR;SWAP;;;;;;;;1760230675.11;;2025-07-29;SDP;DI1 X PRE
CLASSES - FIF;22.975.153/0001-97;GLADIUS FIF MULTIMERCADO CRÉDITO PRIVADO INVESTIMENTO NO EXTERIOR;2025-04-30;DIFERENCIAL DE SWAP A PAGAR;SWAP;;;;;;;;4280036.40;;2025-07-29;SNP;IND X PRE
CLASSES - FIF;22.975.153/0001-97;GLADIUS FIF MULTIMERCADO CRÉDITO PRIVADO INVESTIMENTO NO EXTERIOR;2025-04-30;DIFERENCIAL DE SWAP A PAGAR;SWAP;;;;;;;;11851742.12;;2025-07-29;SDE;DI1 X REU
CLASSES - FIF;22.975.153/0001-97;GLADIUS FIF MULTIMERCADO CRÉDITO PRIVADO INVESTIMENTO NO EXTERIOR;2025-04-30;DIFERENCIAL DE SWAP A PAGAR;SWAP;;;;;;;;19009469.41;;2025-07-29;SEP;REU X PRE
CLASSES - FIF;22.975.153/0001-97;GLADIUS FIF MULTIMERCADO CRÉDITO PRIVADO INVESTIMENTO NO EXTERIOR;2025-04-30;DIFERENCIAL DE SWAP A RECEBER;SWAP;;;;;;;;176646282.91;;2025-07-29;SLP;IAP X PRE
CLASSES - FIF;22.975.153/0001-97;GLADIUS FIF MULTIMERCADO CRÉDITO PRIVADO INVESTIMENTO NO EXTERIOR;2025-04-30;DIFERENCIAL DE SWAP A RECEBER;SWAP;;;;;;;;3903532935.20;;2025-07-29;Outros;999 X 999
CLASSES - FIF;22.975.153/0001-97;GLADIUS FIF MULTIMERCADO CRÉDITO PRIVADO INVESTIMENTO NO EXTERIOR;2025-04-30;DIFERENCIAL DE SWAP A RECEBER;SWAP;;;;;;;;1495254097.05;;2025-07-29;SDP;DI1 X PRE
CLASSES - FIF;22.975.153/0001-97;GLADIUS FIF MULTIMERCADO CRÉDITO PRIVADO INVESTIMENTO NO EXTERIOR;2025-04-30;DIFERENCIAL DE SWAP A RECEBER;SWAP;;;;;;;;3231330080.77;;2025-07-29;SDL;DI1 X IAP
CLASSES - FIF;23.720.458/0001-10;FALX FIF MULTIMERCADO CRÉDITO PRIVADO INVESTIMENTO NO EXTERIOR;2025-04-30;DIFERENCIAL DE SWAP A PAGAR;SWAP;;;;;;;;132597052.44;;2025-07-29;Outros;999 X 999
CLASSES - FIF;23.720.458/0001-10;FALX FIF MULTIMERCADO CRÉDITO PRIVADO INVESTIMENTO NO EXTERIOR;2025-04-30;DIFERENCIAL DE SWAP A PAGAR;SWAP;;;;;;;;105785200.83;;2025-07-29;SDP;DI1 X PRE
CLASSES - FIF;23.720.458/0001-10;FALX FIF MULTIMERCADO CRÉDITO PRIVADO INVESTIMENTO NO EXTERIOR;2025-04-30;DIFERENCIAL DE SWAP A PAGAR;SWAP;;;;;;;;14115897.81;;2025-07-29;SDL;DI1 X IAP
CLASSES - FIF;23.720.458/0001-10;FALX FIF MULTIMERCADO CRÉDITO PRIVADO INVESTIMENTO NO EXTERIOR;2025-04-30;DIFERENCIAL DE SWAP A RECEBER;SWAP;;;;;;;;62899390.64;;2025-07-29;Outros;999 X 999
CLASSES - FIF;23.720.458/0001-10;FALX FIF MULTIMERCADO CRÉDITO PRIVADO INVESTIMENTO NO EXTERIOR;2025-04-30;DIFERENCIAL DE SWAP A RECEBER;SWAP;;;;;;;;380638479.01;;2025-07-29;SDP;DI1 X PRE
CLASSES - FIF;23.720.458/0001-10;FALX FIF MULTIMERCADO CRÉDITO PRIVADO INVESTIMENTO NO EXTERIOR;2025-04-30;DIFERENCIAL DE SWAP A RECEBER;SWAP;;;;;;;;5556931.10;;2025-07-29;SDL;DI1 X IAP
CLASSES - FIF;24.018.842/0001-39;SCORPIO FIF MULTIMERCADO CRÉDITO PRIVADO INVESTIMENTO NO EXTERIOR;2025-04-30;DIFERENCIAL DE SWAP A PAGAR;SWAP;;;;;;;;5556931.10;;2025-07-29;SDL;DI1 X IAP
CLASSES - FIF;24.018.842/0001-39;SCORPIO FIF MULTIMERCADO CRÉDITO PRIVADO INVESTIMENTO NO EXTERIOR;2025-04-30;DIFERENCIAL DE SWAP A RECEBER;SWAP;;;;;;;;27018226.94;;2025-07-29;SDL;DI1 X IAP
CLASSES - FIF;26.507.065/0001-11;SANTANDER PB MOGADOURO MULTIMERCADO CRÉDITO PRIVADO - FIF;2025-04-30;DIFERENCIAL DE SWAP A PAGAR;SWAP;;;;;;;;914427.82;;2025-07-29;SDP;DI1 X PRE
CLASSES - FIF;28.194.713/0001-52;SANTANDER PB SERENGETI MULTIMERCADO CRÉDITO PRIVADO - FUNDO DE INVESTIMENTO FINANCEIRO;2025-04-30;DIFERENCIAL DE SWAP A PAGAR;SWAP;;;;;;;;644541.86;;2025-07-29;SDP;DI1 X PRE
CLASSES - FIF;28.581.136/0001-51;VINLAND LONG BIAS MASTER FUNDO DE INVESTIMENTO FINANCEIRO MULTIMERCADO RESPONSABILIDADE LIMITADA;2025-04-30;DIFERENCIAL DE SWAP A PAGAR;SWAP;;;;;;;;36772.46;;2025-07-29;SDP;DI1 X PRE
CLASSES - FIF;28.581.145/0001-42;VINLAND MACRO MASTER FUNDO DE INVESTIMENTO FINANCEIRO MULTIMERCADO RESPONSABILIDADE LIMITADA;2025-04-30;DIFERENCIAL DE SWAP A PAGAR;SWAP;;;;;;;;86206.33;;2025-07-29;SDP;DI1 X PRE
CLASSES - FIF;28.692.461/0001-91;VINLAND MACRO PLUS MASTER FUNDO DE INVESTIMENTO FINANCEIRO MULTIMERCADO RESPONSABILIDADE LIMITADA;2025-04-30;DIFERENCIAL DE SWAP A PAGAR;SWAP;;;;;;;;147173.38;;2025-07-29;SDP;DI1 X PRE
CLASSES - FIF;28.692.461/0001-91;VINLAND MACRO PLUS MASTER FUNDO DE INVESTIMENTO FINANCEIRO MULTIMERCADO RESPONSABILIDADE LIMITADA;2025-04-30;DIFERENCIAL DE SWAP A RECEBER;SWAP;;;;;;;;29825.17;;2025-07-29;SDP;DI1 X PRE
CLASSES - FIF;31.846.670/0001-57;VINLAND LONG BIAS PREVIDENCIÁRIO MASTER FIF MULTIMERCADO RESPONSABILIDADE LIMITADA;2025-04-30;DIFERENCIAL DE SWAP A PAGAR;SWAP;;;;;;;;6476.97;;2025-07-29;SDP;DI1 X PRE
CLASSES - FIF;31.932.658/0001-65;VINLAND MACRO PREVIDENCIÁRIO MASTER FIF MULTIMERCADO RESPONSABILIDADE LIMITADA;2025-04-30;DIFERENCIAL DE SWAP A PAGAR;SWAP;;;;;;;;35518.84;;2025-07-29;SDP;DI1 X PRE
CLASSES - FIF;34.687.399/0001-42;VINLAND MASTER FUNDO DE INVESTIMENTO FINANCEIRO RENDA FIXA LONGO PRAZO RESPONSABILIDADE LIMITADA;2025-04-30;DIFERENCIAL DE SWAP A PAGAR;SWAP;;;;;;;;7438.07;;2025-07-29;SDP;DI1 X PRE
CLASSES - FIF;35.556.444/0001-92;WELLINGTON VENTURA ADVISORY CLASSE DE INVESTIMENTO EM AÇÕES IE - RESPONSABILIDADE LIMITADA;2025-04-30;DIFERENCIAL DE SWAP A PAGAR;SWAP;;;;;;;;298631.52;;2025-07-29;SCP;DOL X PRE
CLASSES - FIF;35.556.444/0001-92;WELLINGTON VENTURA ADVISORY CLASSE DE INVESTIMENTO EM AÇÕES IE - RESPONSABILIDADE LIMITADA;2025-04-30;DIFERENCIAL DE SWAP A RECEBER;SWAP;;;;;;;;3215283.03;;2025-07-29;SCP;DOL X PRE
CLASSES - FIF;35.803.219/0001-03;G5 MONACO CLASSE DE INVESTIMENTO MULTIMERCADO CRÉDITO PRIVADO;2025-04-30;DIFERENCIAL DE SWAP A PAGAR;SWAP;;;;;;;;1249830.94;;;SDP;DI1 X PRE
CLASSES - FIF;35.819.455/0001-18;MACADÂMIA FUNDO DE INVESTIMENTO MULTIMERCADO CRÉDITO PRIVADO;2025-04-30;DIFERENCIAL DE SWAP A RECEBER;SWAP;;;;;;;;34776824.23;;;SCP;DOL X PRE
CLASSES - FIF;36.532.178/0001-20;CHRONOS FUNDO DE INVESTIMENTO MULTIMERCADO CRÉDITO PRIVADO;2025-04-30;DIFERENCIAL DE SWAP A PAGAR;SWAP;;;;;;;;501456.44;;;SDP;DI1 X PRE
CLASSES - FIF;37.110.309/0001-44;VINLAND PREV MASTER FUNDO DE INVESTIMENTO FINANCEIRO RENDA FIXA LONGO PRAZO RESP LIMITADA;2025-04-30;DIFERENCIAL DE SWAP A PAGAR;SWAP;;;;;;;;961.11;;2025-07-29;SDP;DI1 X PRE
CLASSES - FIF;37.396.932/0001-05;TREND HIGH YIELD AMERICANO FUNDO DE INVESTIMENTO FINANCEIRO MULTIMERCADO - RESPONSABILIDADE LIMITADA;2025-04-30;DIFERENCIAL DE SWAP A PAGAR;SWAP;;;;;;;;84893.03;;2025-07-29;Outros;999 X 999
CLASSES - FIF;37.396.932/0001-05;TREND HIGH YIELD AMERICANO FUNDO DE INVESTIMENTO FINANCEIRO MULTIMERCADO - RESPONSABILIDADE LIMITADA;2025-04-30;DIFERENCIAL DE SWAP A RECEBER;SWAP;;;;;;;;3878.87;;2025-07-29;Outros;999 X 999
CLASSES - FIF;37.553.253/0001-00;NIMROD FIF MULTIMERCADO CRÉDITO PRIVADO INVESTIMENTO NO EXTERIOR;2025-04-30;DIFERENCIAL DE SWAP A PAGAR;SWAP;;;;;;;;9088246404.09;;2025-07-29;Outros;999 X 999
CLASSES - FIF;37.553.253/0001-00;NIMROD FIF MULTIMERCADO CRÉDITO PRIVADO INVESTIMENTO NO EXTERIOR;2025-04-30;DIFERENCIAL DE SWAP A PAGAR;SWAP;;;;;;;;1696655695.35;;2025-07-29;SDP;DI1 X PRE
CLASSES - FIF;37.553.253/0001-00;NIMROD FIF MULTIMERCADO CRÉDITO PRIVADO INVESTIMENTO NO EXTERIOR;2025-04-30;DIFERENCIAL DE SWAP A PAGAR;SWAP;;;;;;;;33586076.50;;2025-07-29;SLP;IAP X PRE
CLASSES - FIF;37.553.253/0001-00;NIMROD FIF MULTIMERCADO CRÉDITO PRIVADO INVESTIMENTO NO EXTERIOR;2025-04-30;DIFERENCIAL DE SWAP A PAGAR;SWAP;;;;;;;;259868904.10;;2025-07-29;SDL;DI1 X IAP
CLASSES - FIF;37.553.253/0001-00;NIMROD FIF MULTIMERCADO CRÉDITO PRIVADO INVESTIMENTO NO EXTERIOR;2025-04-30;DIFERENCIAL DE SWAP A PAGAR;SWAP;;;;;;;;4280036.40;;2025-07-29;SNP;IND X PRE
CLASSES - FIF;37.553.253/0001-00;NIMROD FIF MULTIMERCADO CRÉDITO PRIVADO INVESTIMENTO NO EXTERIOR;2025-04-30;DIFERENCIAL DE SWAP A RECEBER;SWAP;;;;;;;;8161529219.22;;2025-07-29;Outros;999 X 999
CLASSES - FIF;37.553.253/0001-00;NIMROD FIF MULTIMERCADO CRÉDITO PRIVADO INVESTIMENTO NO EXTERIOR;2025-04-30;DIFERENCIAL DE SWAP A RECEBER;SWAP;;;;;;;;4134378679.72;;2025-07-29;SDP;DI1 X PRE
CLASSES - FIF;37.553.253/0001-00;NIMROD FIF MULTIMERCADO CRÉDITO PRIVADO INVESTIMENTO NO EXTERIOR;2025-04-30;DIFERENCIAL DE SWAP A RECEBER;SWAP;;;;;;;;41140581.41;;2025-07-29;SDL;DI1 X IAP
CLASSES - FIF;37.553.253/0001-00;NIMROD FIF MULTIMERCADO CRÉDITO PRIVADO INVESTIMENTO NO EXTERIOR;2025-04-30;DIFERENCIAL DE SWAP A RECEBER;SWAP;;;;;;;;33586076.50;;2025-07-29;SLP;IAP X PRE
CLASSES - FIF;37.553.253/0001-00;NIMROD FIF MULTIMERCADO CRÉDITO PRIVADO INVESTIMENTO NO EXTERIOR;2025-04-30;DIFERENCIAL DE SWAP A RECEBER;SWAP;;;;;;;;4280036.40;;2025-07-29;SNP;IND X PRE
CLASSES - FIF;37.553.464/0001-35;TREND BOLSAS GLOBAIS FUNDO DE INVESTIMENTO MULTIMERCADO RESPONSABILIDADE LIMITADA;2025-04-30;DIFERENCIAL DE SWAP A PAGAR;SWAP;;;;;;;;147594.41;;2025-07-29;Outros;999 X 999
CLASSES - FIF;37.553.464/0001-35;TREND BOLSAS GLOBAIS FUNDO DE INVESTIMENTO MULTIMERCADO RESPONSABILIDADE LIMITADA;2025-04-30;DIFERENCIAL DE SWAP A RECEBER;SWAP;;;;;;;;7176.86;;2025-07-29;Outros;999 X 999
CLASSES - FIF;38.077.221/0001-30;WELLINGTON EUROPEAN EQUITY ADVISORY CLASSE DE INVESTIMENTO EM AÇÕES  IE  RESP LIMITADA;2025-04-30;DIFERENCIAL DE SWAP A PAGAR;SWAP;;;;;;;;77536.86;;2025-07-29;SCP;DOL X PRE
CLASSES - FIF;38.077.221/0001-30;WELLINGTON EUROPEAN EQUITY ADVISORY CLASSE DE INVESTIMENTO EM AÇÕES  IE  RESP LIMITADA;2025-04-30;DIFERENCIAL DE SWAP A RECEBER;SWAP;;;;;;;;371998.43;;2025-07-29;SCP;DOL X PRE
CLASSES - FIF;38.090.099/0001-32;VINLAND MACRO II PREV MASTER FUNDO DE INVESTIMENTO FINANCEIRO MULTIMERCADO RESP LIMITADA;2025-04-30;DIFERENCIAL DE SWAP A PAGAR;SWAP;;;;;;;;89549.28;;2025-07-29;SDP;DI1 X PRE
CLASSES - FIF;38.428.156/0001-40;J CHINA EQUITY ADVISORY CLASSE DE INVESTIMENTO EM AÇÕES INVESTIMENTO NO EXTERIOR - RESP LIMITADA;2025-04-30;DIFERENCIAL DE SWAP A PAGAR;SWAP;;;;;;;;62640.54;;2025-07-29;SCP;DOL X PRE
CLASSES - FIF;38.428.156/0001-40;J CHINA EQUITY ADVISORY CLASSE DE INVESTIMENTO EM AÇÕES INVESTIMENTO NO EXTERIOR - RESP LIMITADA;2025-04-30;DIFERENCIAL DE SWAP A RECEBER;SWAP;;;;;;;;774262.79;;2025-07-29;SCP;DOL X PRE
CLASSES - FIF;38.443.120/0001-36;WELLINGTON ASIA TECHNOLOGY ADVISORY CLASSE DE INVESTIMENTO EM AÇÕES IE - RESP LIMITADA;2025-04-30;DIFERENCIAL DE SWAP A PAGAR;SWAP;;;;;;;;198910.87;;2025-07-29;SCP;DOL X PRE
CLASSES - FIF;38.443.120/0001-36;WELLINGTON ASIA TECHNOLOGY ADVISORY CLASSE DE INVESTIMENTO EM AÇÕES IE - RESP LIMITADA;2025-04-30;DIFERENCIAL DE SWAP A RECEBER;SWAP;;;;;;;;1107222.69;;2025-07-29;SCP;DOL X PRE
CLASSES - FIF;38.860.913/0001-50;BRAM FIF- CLASSE DE  INVESTIMENTO MULTIMERCADO CREDIT GREEN - RESPONSABILIDADE LIMITADA;2025-04-30;DIFERENCIAL DE SWAP A PAGAR;SWAP;;;;;;;;91748.95;;2025-07-29;Outros;999 X 999
CLASSES - FIF;39.227.204/0001-03;TREND BOLSAS EUROPEIAS FUNDO DE INVESTIMENTO MULTIMERCADO RESPONSABILIDADE LIMITADA;2025-04-30;DIFERENCIAL DE SWAP A PAGAR;SWAP;;;;;;;;11217.42;;2025-07-29;Outros;999 X 999
CLASSES - FIF;39.227.204/0001-03;TREND BOLSAS EUROPEIAS FUNDO DE INVESTIMENTO MULTIMERCADO RESPONSABILIDADE LIMITADA;2025-04-30;DIFERENCIAL DE SWAP A RECEBER;SWAP;;;;;;;;499698.32;;2025-07-29;Outros;999 X 999
CLASSES - FIF;39.723.190/0001-00;NORDEA GLOBAL STARS ADVISORY CLASSE DE INVESTIMENTO MULTIMERCADO IE RESP LIMITADA;2025-04-30;DIFERENCIAL DE SWAP A PAGAR;SWAP;;;;;;;;24114.58;;2025-07-29;SCP;DOL X PRE
CLASSES - FIF;39.723.190/0001-00;NORDEA GLOBAL STARS ADVISORY CLASSE DE INVESTIMENTO MULTIMERCADO IE RESP LIMITADA;2025-04-30;DIFERENCIAL DE SWAP A RECEBER;SWAP;;;;;;;;230114.19;;2025-07-29;SCP;DOL X PRE
CLASSES - FIF;39.774.017/0001-31;CAIXA MASTER CAPITAL PROTEGIDO BOLSA DE VALORES IV FIF MULTIMERCADO - RESPONSABILIDADE LIMITADA;2025-04-30;DIFERENCIAL DE SWAP A PAGAR;SWAP;;;;;;;;5174008.01;;;SDP;DI1 X PRE
CLASSES - FIF;40.212.817/0001-48;TREND COMMODITIES FUNDO DE INVESTIMENTO FINANCEIRO MULTIMERCADO - RESPONSABILIDADE LIMITADA;2025-04-30;DIFERENCIAL DE SWAP A PAGAR;SWAP;;;;;;;;765260.33;;2025-07-29;Outros;999 X 999
CLASSES - FIF;40.212.817/0001-48;TREND COMMODITIES FUNDO DE INVESTIMENTO FINANCEIRO MULTIMERCADO - RESPONSABILIDADE LIMITADA;2025-04-30;DIFERENCIAL DE SWAP A RECEBER;SWAP;;;;;;;;10378.27;;2025-07-29;Outros;999 X 999
CLASSES - FIF;41.733.441/0001-80;CAIXA MASTER CAPITAL PROTEGIDO CESTA AGRO FUNDO DE INVESTIMENTO FINANCEIRO MULT LP - RESP LIMITADA;2025-04-30;DIFERENCIAL DE SWAP A PAGAR;SWAP;;;;;;;;831658.30;;;SDP;DI1 X PRE
CLASSES - FIF;42.120.343/0001-30;CAIXA MASTER CAPITAL PROTEGIDO CICLICO II FIF MULTIMERCADO LONGO PRAZO - RESP LIMITADA;2025-04-30;DIFERENCIAL DE SWAP A PAGAR;SWAP;;;;;;;;4979766.08;;;SDP;DI1 X PRE
CLASSES - FIF;42.403.085/0001-07;TREND ÁGUA TECH FUNDO DE INVESTIMENTO EM AÇÕES RESPONSABILIDADE LIMITADA;2025-04-30;DIFERENCIAL DE SWAP A PAGAR;SWAP;;;;;;;;40093.43;;2025-07-29;Outros;999 X 999
CLASSES - FIF;42.403.085/0001-07;TREND ÁGUA TECH FUNDO DE INVESTIMENTO EM AÇÕES RESPONSABILIDADE LIMITADA;2025-04-30;DIFERENCIAL DE SWAP A RECEBER;SWAP;;;;;;;;39377.67;;2025-07-29;Outros;999 X 999
CLASSES - FIF;42.776.707/0001-34;TREND SEMICONDUTORES FUNDO DE INVESTIMENTO EM AÇÕES RESPONSABILIDADE LIMITADA;2025-04-30;DIFERENCIAL DE SWAP A PAGAR;SWAP;;;;;;;;259318.10;;2025-07-29;Outros;999 X 999
CLASSES - FIF;42.776.707/0001-34;TREND SEMICONDUTORES FUNDO DE INVESTIMENTO EM AÇÕES RESPONSABILIDADE LIMITADA;2025-04-30;DIFERENCIAL DE SWAP A RECEBER;SWAP;;;;;;;;948653.99;;2025-07-29;Outros;999 X 999
CLASSES - FIF;43.210.552/0001-37;MIROVA GLOBAL SUSTAINABLE EQUITY ADVISORY CLASSE DE INVEST SUSTENTÁVEL EM AÇÕES IE - RESP LIMITADA;2025-04-30;DIFERENCIAL DE SWAP A PAGAR;SWAP;;;;;;;;63850.64;;2025-07-29;SCP;DOL X PRE
CLASSES - FIF;43.210.552/0001-37;MIROVA GLOBAL SUSTAINABLE EQUITY ADVISORY CLASSE DE INVEST SUSTENTÁVEL EM AÇÕES IE - RESP LIMITADA;2025-04-30;DIFERENCIAL DE SWAP A RECEBER;SWAP;;;;;;;;800995.28;;2025-07-29;SCP;DOL X PRE
CLASSES - FIF;43.794.389/0001-05;VINLAND MACRO PREVIDENCIÁRIO V MASTER FIF MULTIMERCADO RESPONSABILIDADE LIMITADA;2025-04-30;DIFERENCIAL DE SWAP A PAGAR;SWAP;;;;;;;;6560.54;;2025-07-29;SDP;DI1 X PRE
CLASSES - FIF;44.814.776/0001-10;STONES FUNDO DE INVESTIMENTO MULTIMERCADO CRÉDITO PRIVADO;2025-04-30;DIFERENCIAL DE SWAP A PAGAR;SWAP;;;;;;;;1570499.28;;2025-07-29;SDP;DI1 X PRE
CLASSES - FIF;44.835.930/0001-30;TREND CRÉDITO GLOBAL FUNDO DE INVESTIMENTO FINANCEIRO MULTIMERCADO - RESPONSABILIDADE LIMITADA;2025-04-30;DIFERENCIAL DE SWAP A PAGAR;SWAP;;;;;;;;7501.09;;2025-07-29;Outros;999 X 999
CLASSES - FIF;44.835.930/0001-30;TREND CRÉDITO GLOBAL FUNDO DE INVESTIMENTO FINANCEIRO MULTIMERCADO - RESPONSABILIDADE LIMITADA;2025-04-30;DIFERENCIAL DE SWAP A RECEBER;SWAP;;;;;;;;18158.21;;2025-07-29;Outros;999 X 999
CLASSES - FIF;50.712.542/0001-65;CAIXA MASTER CAPITAL PROTEGIDO BOLSA DE VALORES VI FIF MULTIMERCADO LONGO PRAZO - RESP LIMITADA;2025-04-30;DIFERENCIAL DE SWAP A PAGAR;SWAP;;;;;;;;3116687.24;;;SDP;DI1 X PRE
CLASSES - FIF;52.259.535/0001-85;GROELÂNDIA FUNDO DE INVESTIMENTO EM INFRAESTRUTURA RENDA FIXA CRÉDITO PRIVADO;2025-04-30;DIFERENCIAL DE SWAP A RECEBER;SWAP;;;;;;;;1026320.97;;;SDP;DI1 X PRE
CLASSES - FIF;53.113.637/0001-50;LIBERO 2 ESTRUTURADO FUNDO DE INVESTIMENTO MULTIMERCADO CRÉDITO PRIVADO;2025-04-30;DIFERENCIAL DE SWAP A PAGAR;SWAP;;;;;;;;163184.94;;2025-07-29;SDP;DI1 X PRE
CLASSES - FIF;53.202.910/0001-13;BEAGLE PRO FI EM COTAS DE FI FINANCEIRO MULTIMERCADO CRÉDITO PRIVADO - RESPONSABILIDADE LIMITADA;2025-04-30;DIFERENCIAL DE SWAP A PAGAR;SWAP;;;;;;;;33052.97;;2025-07-29;SNP;IND X PRE
CLASSES - FIF;53.202.910/0001-13;BEAGLE PRO FI EM COTAS DE FI FINANCEIRO MULTIMERCADO CRÉDITO PRIVADO - RESPONSABILIDADE LIMITADA;2025-04-30;DIFERENCIAL DE SWAP A RECEBER;SWAP;;;;;;;;66105.94;;2025-07-29;SNP;IND X PRE
CLASSES - FIF;53.202.910/0001-13;BEAGLE PRO FI EM COTAS DE FI FINANCEIRO MULTIMERCADO CRÉDITO PRIVADO - RESPONSABILIDADE LIMITADA;2025-04-30;DIFERENCIAL DE SWAP A RECEBER;SWAP;;;;;;;;456733.56;;2025-07-29;SEP;REU X PRE
CLASSES - FIF;53.203.481/0001-07;MEROS PRO FI EM COTAS DE FI FINANCEIRO MULTIMERCADO CRÉDITO PRIVADO - RESPONSABILIDADE LIMITADA;2025-04-30;DIFERENCIAL DE SWAP A PAGAR;SWAP;;;;;;;;988486.71;;2025-07-29;SNP;IND X PRE
CLASSES - FIF;53.203.481/0001-07;MEROS PRO FI EM COTAS DE FI FINANCEIRO MULTIMERCADO CRÉDITO PRIVADO - RESPONSABILIDADE LIMITADA;2025-04-30;DIFERENCIAL DE SWAP A RECEBER;SWAP;;;;;;;;456733.56;;2025-07-29;SEP;REU X PRE
CLASSES - FIF;54.274.648/0001-85;BNP PARIBAS CAPITAL PROTEGIDO MASTER OPORT LOCAL CLASSE DE INVEST MULT RESPONSABILIDADE LIMITADA;2025-04-30;DIFERENCIAL DE SWAP A PAGAR;SWAP;;;;;;;;1598550.67;;;SDP;DI1 X PRE
CLASSES - FIF;54.776.432/0001-18;TRANSFERO ABSOLUTE HORIZON FUNDO DE INVESTIMENTO FINANCEIRO;2025-04-30;DIFERENCIAL DE SWAP A RECEBER;SWAP;;;;;;;;483778.84;;2025-07-29;Outros;999 X 999
CLASSES - FIF;55.129.384/0001-39;JPM PACIFIC EQUITY CLASSE DE INVESTIMENTO EM ACOES IE - RESPONSABILIDADE LIMITADA;2025-04-30;DIFERENCIAL DE SWAP A PAGAR;SWAP;;;;;;;;26276.80;;2025-07-29;SCP;DOL X PRE
CLASSES - FIF;55.129.384/0001-39;JPM PACIFIC EQUITY CLASSE DE INVESTIMENTO EM ACOES IE - RESPONSABILIDADE LIMITADA;2025-04-30;DIFERENCIAL DE SWAP A RECEBER;SWAP;;;;;;;;111518.17;;2025-07-29;SCP;DOL X PRE
CLASSES - FIF;55.274.339/0001-78;RIO BRAVO PROTEÇÃO PORTFÓLIO FI FINANCEIRO MULTIMERCADO  RESPONSABILIDADE LIMITADA;2025-04-30;DIFERENCIAL DE SWAP A RECEBER;SWAP;;;;;;;;68360740.59;;;Outros;999 X 999
CLASSES - FIF;55.771.625/0001-49;RIO BRAVO PROTEÇÃO PORTFÓLIO II FUNDO DE INVESTIMENTO FINANCEIRO MULTIMERCADO - RESP LIMITADA;2025-04-30;DIFERENCIAL DE SWAP A RECEBER;SWAP;;;;;;;;18817050.46;;;Outros;999 X 999
CLASSES - FIF;55.897.646/0001-05;WHG JBA DEBÊNTURES INCENTIVADAS FUNDO DE INVESTIMENTO MULTIMERCADO CRÉDITO PRIVADO;2025-04-30;DIFERENCIAL DE SWAP A RECEBER;SWAP;;;;;;;;1151832.16;;2025-07-29;SDL;DI1 X IAP
CLASSES - FIF;56.237.770/0001-07;SANTANDER PB SPLIT MULTIMERCADO CRED PRIV - FUNDO DE INVESTIMENTO FINANCEIRO;2025-04-30;DIFERENCIAL DE SWAP A PAGAR;SWAP;;;;;;;;1331371.55;;2025-07-29;SDP;DI1 X PRE
CLASSES - FIF;56.283.391/0001-53;SANTANDER PB ROMA III MULTIMERCADO CRÉDITO PRIVADO - FUNDO DE INVESTIMENTO FINANCEIRO;2025-04-30;DIFERENCIAL DE SWAP A RECEBER;SWAP;;;;;;;;392782.71;;;SDP;DI1 X PRE
FI;02.668.201/0001-97;BNP PARIBAS EQD BRAZIL FUND CLASSE DE INVESTIMENTO MULTIMERCADO CRÉDITO PRIVADO;2025-04-30;DIFERENCIAL DE SWAP A PAGAR;SWAP;;;;;;;;203741290.43;;;Outros;999 X 999
FI;02.668.201/0001-97;BNP PARIBAS EQD BRAZIL FUND CLASSE DE INVESTIMENTO MULTIMERCADO CRÉDITO PRIVADO;2025-04-30;DIFERENCIAL DE SWAP A PAGAR;SWAP;;;;;;;;3433248.52;;;SDP;DI1 X PRE
FI;02.668.201/0001-97;BNP PARIBAS EQD BRAZIL FUND CLASSE DE INVESTIMENTO MULTIMERCADO CRÉDITO PRIVADO;2025-04-30;DIFERENCIAL DE SWAP A RECEBER;SWAP;;;;;;;;299626212.31;;;Outros;999 X 999
FI;02.727.085/0001-30;MÁXIMA  FMP - FGTS  PETROBRAS;2025-04-30;DIFERENCIAL DE SWAP A PAGAR;SWAP;;;;;;;;0.00;;;SDP;DI1 X PRE
FI;02.885.730/0001-42;KONA FIF MULTIMERCADO CRÉDITO PRIVADO INVESTIMENTO NO EXTERIOR RESPONSABILIDADE LIMITADA;2025-04-30;DIFERENCIAL DE SWAP A RECEBER;SWAP;;;;;;;;80969476.30;;;SDP;DI1 X PRE
FI;03.919.474/0001-20;BANESTES  FMP - FGTS  PETROBRAS;2025-04-30;DIFERENCIAL DE SWAP A PAGAR;SWAP;;;;;;;;0.00;;;SDP;DI1 X PRE
FI;04.085.474/0001-34;UBS PRÓPRIO FUNDO DE INVESTIMENTO FINANCEIRO - MULTIMERCADO CRÉDITO PRIVADO;2025-04-30;DIFERENCIAL DE SWAP A PAGAR;SWAP;;;;;;;;119061.43;;2025-07-29;SDL;DI1 X IAP
FI;04.085.474/0001-34;UBS PRÓPRIO FUNDO DE INVESTIMENTO FINANCEIRO - MULTIMERCADO CRÉDITO PRIVADO;2025-04-30;DIFERENCIAL DE SWAP A PAGAR;SWAP;;;;;;;;1253308.20;;2025-07-29;SBP;TBF X PRE
FI;04.085.474/0001-34;UBS PRÓPRIO FUNDO DE INVESTIMENTO FINANCEIRO - MULTIMERCADO CRÉDITO PRIVADO;2025-04-30;DIFERENCIAL DE SWAP A PAGAR;SWAP;;;;;;;;178091415.13;;2025-07-29;SDP;DI1 X PRE
FI;04.085.474/0001-34;UBS PRÓPRIO FUNDO DE INVESTIMENTO FINANCEIRO - MULTIMERCADO CRÉDITO PRIVADO;2025-04-30;DIFERENCIAL DE SWAP A RECEBER;SWAP;;;;;;;;58756722.54;;2025-07-29;SDP;DI1 X PRE
FI;04.085.474/0001-34;UBS PRÓPRIO FUNDO DE INVESTIMENTO FINANCEIRO - MULTIMERCADO CRÉDITO PRIVADO;2025-04-30;DIFERENCIAL DE SWAP A RECEBER;SWAP;;;;;;;;860163.88;;2025-07-29;SDL;DI1 X IAP
FI;04.085.474/0001-34;UBS PRÓPRIO FUNDO DE INVESTIMENTO FINANCEIRO - MULTIMERCADO CRÉDITO PRIVADO;2025-04-30;DIFERENCIAL DE SWAP A RECEBER;SWAP;;;;;;;;214012388.71;;2025-07-29;SBD;SB1 X DI1
FI;04.894.428/0001-86;BANESTES FMP-FGTS VALE DO RIO DOCE;2025-04-30;DIFERENCIAL DE SWAP A PAGAR;SWAP;;;;;;;;0.00;;;SDP;DI1 X PRE
FI;05.754.066/0001-90;CLASSE ÚNICA DO ÁGATA FUNDO DE INVESTIMENTO FINANCEIRO MULTIMERCADO CRÉDITO PRIVADO LONGO PRAZO;2025-04-30;DIFERENCIAL DE SWAP A PAGAR;SWAP;;;;;;;;188009599.18;;;SEP;REU X PRE
FI;05.754.066/0001-90;CLASSE ÚNICA DO ÁGATA FUNDO DE INVESTIMENTO FINANCEIRO MULTIMERCADO CRÉDITO PRIVADO LONGO PRAZO;2025-04-30;DIFERENCIAL DE SWAP A PAGAR;SWAP;;;;;;;;115142835.47;;;SDE;DI1 X REU
FI;05.754.066/0001-90;CLASSE ÚNICA DO ÁGATA FUNDO DE INVESTIMENTO FINANCEIRO MULTIMERCADO CRÉDITO PRIVADO LONGO PRAZO;2025-04-30;DIFERENCIAL DE SWAP A PAGAR;SWAP;;;;;;;;37346982.68;;;SCE;DOL X REU
FI;05.754.066/0001-90;CLASSE ÚNICA DO ÁGATA FUNDO DE INVESTIMENTO FINANCEIRO MULTIMERCADO CRÉDITO PRIVADO LONGO PRAZO;2025-04-30;DIFERENCIAL DE SWAP A PAGAR;SWAP;;;;;;;;22085537.72;;;SCP;DOL X PRE
FI;05.754.066/0001-90;CLASSE ÚNICA DO ÁGATA FUNDO DE INVESTIMENTO FINANCEIRO MULTIMERCADO CRÉDITO PRIVADO LONGO PRAZO;2025-04-30;DIFERENCIAL DE SWAP A PAGAR;SWAP;;;;;;;;190054214.73;;;SDC;DI1 X DOL
FI;05.754.066/0001-90;CLASSE ÚNICA DO ÁGATA FUNDO DE INVESTIMENTO FINANCEIRO MULTIMERCADO CRÉDITO PRIVADO LONGO PRAZO;2025-04-30;DIFERENCIAL DE SWAP A PAGAR;SWAP;;;;;;;;76872922.56;;;SDL;DI1 X IAP
FI;05.754.066/0001-90;CLASSE ÚNICA DO ÁGATA FUNDO DE INVESTIMENTO FINANCEIRO MULTIMERCADO CRÉDITO PRIVADO LONGO PRAZO;2025-04-30;DIFERENCIAL DE SWAP A PAGAR;SWAP;;;;;;;;514734019.03;;;Outros;999 X 999
FI;05.754.066/0001-90;CLASSE ÚNICA DO ÁGATA FUNDO DE INVESTIMENTO FINANCEIRO MULTIMERCADO CRÉDITO PRIVADO LONGO PRAZO;2025-04-30;DIFERENCIAL DE SWAP A RECEBER;SWAP;;;;;;;;116472182.61;;;SEP;REU X PRE
FI;05.754.066/0001-90;CLASSE ÚNICA DO ÁGATA FUNDO DE INVESTIMENTO FINANCEIRO MULTIMERCADO CRÉDITO PRIVADO LONGO PRAZO;2025-04-30;DIFERENCIAL DE SWAP A RECEBER;SWAP;;;;;;;;129670899.01;;;SCP;DOL X PRE
FI;05.754.066/0001-90;CLASSE ÚNICA DO ÁGATA FUNDO DE INVESTIMENTO FINANCEIRO MULTIMERCADO CRÉDITO PRIVADO LONGO PRAZO;2025-04-30;DIFERENCIAL DE SWAP A RECEBER;SWAP;;;;;;;;106829125.54;;;SDC;DI1 X DOL
FI;05.754.066/0001-90;CLASSE ÚNICA DO ÁGATA FUNDO DE INVESTIMENTO FINANCEIRO MULTIMERCADO CRÉDITO PRIVADO LONGO PRAZO;2025-04-30;DIFERENCIAL DE SWAP A RECEBER;SWAP;;;;;;;;219420201.98;;;Outros;999 X 999
FI;07.110.975/0001-11;CLASSE ÚNICA DO OAK FUNDO DE  INVESTIMENTO FINANCEIRO MULTIMERCADO  CP INVESTIMENTO NO EXTERIOR;2025-04-30;DIFERENCIAL DE SWAP A PAGAR;SWAP;;;;;;;;120441813.01;;;Outros;999 X 999
FI;07.110.975/0001-11;CLASSE ÚNICA DO OAK FUNDO DE  INVESTIMENTO FINANCEIRO MULTIMERCADO  CP INVESTIMENTO NO EXTERIOR;2025-04-30;DIFERENCIAL DE SWAP A RECEBER;SWAP;;;;;;;;851033885.68;;;Outros;999 X 999
FI;07.110.975/0001-11;CLASSE ÚNICA DO OAK FUNDO DE  INVESTIMENTO FINANCEIRO MULTIMERCADO  CP INVESTIMENTO NO EXTERIOR;2025-04-30;DIFERENCIAL DE SWAP A RECEBER;SWAP;;;;;;;;384899.96;;;SDC;DI1 X DOL
FI;08.771.962/0001-56;OITI FIF MULTIMERCADO CRÉDITO PRIVADO INVESTIMENTO NO EXTERIOR RESPONSABILIDADE LIMITADA;2025-04-30;DIFERENCIAL DE SWAP A PAGAR;SWAP;;;;;;;;115875622.81;;;SCP;DOL X PRE
FI;08.771.962/0001-56;OITI FIF MULTIMERCADO CRÉDITO PRIVADO INVESTIMENTO NO EXTERIOR RESPONSABILIDADE LIMITADA;2025-04-30;DIFERENCIAL DE SWAP A PAGAR;SWAP;;;;;;;;4834294.62;;;SCE;DOL X REU
FI;08.771.962/0001-56;OITI FIF MULTIMERCADO CRÉDITO PRIVADO INVESTIMENTO NO EXTERIOR RESPONSABILIDADE LIMITADA;2025-04-30;DIFERENCIAL DE SWAP A RECEBER;SWAP;;;;;;;;1378740208.27;;;SCE;DOL X REU
FI;08.771.975/0001-25;BNP PARIBAS PROPRIETÁRIO CLASSE DE INVESTIMENTO MULTIMERCADO CRÉDITO PRIVADO;2025-04-30;DIFERENCIAL DE SWAP A PAGAR;SWAP;;;;;;;;507859960.21;;;SCP;DOL X PRE
FI;08.771.975/0001-25;BNP PARIBAS PROPRIETÁRIO CLASSE DE INVESTIMENTO MULTIMERCADO CRÉDITO PRIVADO;2025-04-30;DIFERENCIAL DE SWAP A PAGAR;SWAP;;;;;;;;397082373.69;;;SDC;DI1 X DOL
FI;08.771.975/0001-25;BNP PARIBAS PROPRIETÁRIO CLASSE DE INVESTIMENTO MULTIMERCADO CRÉDITO PRIVADO;2025-04-30;DIFERENCIAL DE SWAP A PAGAR;SWAP;;;;;;;;64679820.61;;;SDP;DI1 X PRE
FI;08.771.975/0001-25;BNP PARIBAS PROPRIETÁRIO CLASSE DE INVESTIMENTO MULTIMERCADO CRÉDITO PRIVADO;2025-04-30;DIFERENCIAL DE SWAP A PAGAR;SWAP;;;;;;;;293933753.47;;;SDE;DI1 X REU
FI;08.771.975/0001-25;BNP PARIBAS PROPRIETÁRIO CLASSE DE INVESTIMENTO MULTIMERCADO CRÉDITO PRIVADO;2025-04-30;DIFERENCIAL DE SWAP A PAGAR;SWAP;;;;;;;;446084872.80;;;SEP;REU X PRE
FI;08.771.975/0001-25;BNP PARIBAS PROPRIETÁRIO CLASSE DE INVESTIMENTO MULTIMERCADO CRÉDITO PRIVADO;2025-04-30;DIFERENCIAL DE SWAP A PAGAR;SWAP;;;;;;;;457287384.15;;;Outros;999 X 999
FI;08.771.975/0001-25;BNP PARIBAS PROPRIETÁRIO CLASSE DE INVESTIMENTO MULTIMERCADO CRÉDITO PRIVADO;2025-04-30;DIFERENCIAL DE SWAP A RECEBER;SWAP;;;;;;;;796773717.45;;;SCP;DOL X PRE
FI;08.771.975/0001-25;BNP PARIBAS PROPRIETÁRIO CLASSE DE INVESTIMENTO MULTIMERCADO CRÉDITO PRIVADO;2025-04-30;DIFERENCIAL DE SWAP A RECEBER;SWAP;;;;;;;;634348280.26;;;SEP;REU X PRE
FI;08.771.975/0001-25;BNP PARIBAS PROPRIETÁRIO CLASSE DE INVESTIMENTO MULTIMERCADO CRÉDITO PRIVADO;2025-04-30;DIFERENCIAL DE SWAP A RECEBER;SWAP;;;;;;;;79296921.98;;;SDP;DI1 X PRE
FI;08.771.975/0001-25;BNP PARIBAS PROPRIETÁRIO CLASSE DE INVESTIMENTO MULTIMERCADO CRÉDITO PRIVADO;2025-04-30;DIFERENCIAL DE SWAP A RECEBER;SWAP;;;;;;;;398907352.84;;;SDC;DI1 X DOL
FI;08.771.975/0001-25;BNP PARIBAS PROPRIETÁRIO CLASSE DE INVESTIMENTO MULTIMERCADO CRÉDITO PRIVADO;2025-04-30;DIFERENCIAL DE SWAP A RECEBER;SWAP;;;;;;;;56587048.35;;;SDE;DI1 X REU
FI;08.771.975/0001-25;BNP PARIBAS PROPRIETÁRIO CLASSE DE INVESTIMENTO MULTIMERCADO CRÉDITO PRIVADO;2025-04-30;DIFERENCIAL DE SWAP A RECEBER;SWAP;;;;;;;;178884.11;;;SCE;DOL X REU
FI;08.771.975/0001-25;BNP PARIBAS PROPRIETÁRIO CLASSE DE INVESTIMENTO MULTIMERCADO CRÉDITO PRIVADO;2025-04-30;DIFERENCIAL DE SWAP A RECEBER;SWAP;;;;;;;;992426.60;;;SLE;IAP X REU
FI;08.771.975/0001-25;BNP PARIBAS PROPRIETÁRIO CLASSE DE INVESTIMENTO MULTIMERCADO CRÉDITO PRIVADO;2025-04-30;DIFERENCIAL DE SWAP A RECEBER;SWAP;;;;;;;;584021304.50;;;Outros;999 X 999
FI;09.228.836/0001-12;HORIZON CLASSE DE INVESTIMENTO MULTIMERCADO CRÉDITO PRIVADO INVESTIMENTO NO EXTERIOR;2025-04-30;DIFERENCIAL DE SWAP A PAGAR;SWAP;;;;;;;;583076238.62;;;Outros;999 X 999
FI;09.228.836/0001-12;HORIZON CLASSE DE INVESTIMENTO MULTIMERCADO CRÉDITO PRIVADO INVESTIMENTO NO EXTERIOR;2025-04-30;DIFERENCIAL DE SWAP A PAGAR;SWAP;;;;;;;;8631405.13;;;SDP;DI1 X PRE
FI;09.228.836/0001-12;HORIZON CLASSE DE INVESTIMENTO MULTIMERCADO CRÉDITO PRIVADO INVESTIMENTO NO EXTERIOR;2025-04-30;DIFERENCIAL DE SWAP A PAGAR;SWAP;;;;;;;;1484564.14;;;SCP;DOL X PRE
FI;09.228.836/0001-12;HORIZON CLASSE DE INVESTIMENTO MULTIMERCADO CRÉDITO PRIVADO INVESTIMENTO NO EXTERIOR;2025-04-30;DIFERENCIAL DE SWAP A RECEBER;SWAP;;;;;;;;28731705.95;;;SCP;DOL X PRE
FI;09.228.836/0001-12;HORIZON CLASSE DE INVESTIMENTO MULTIMERCADO CRÉDITO PRIVADO INVESTIMENTO NO EXTERIOR;2025-04-30;DIFERENCIAL DE SWAP A RECEBER;SWAP;;;;;;;;5468648.64;;;Outros;999 X 999
FI;09.523.207/0001-15;BRADESCO TEJO FI FINANCEIRO - CI MULT - RESP LIMITADA;2025-04-30;DIFERENCIAL DE SWAP A RECEBER;SWAP;;;;;;;;343131.77;;;SDL;DI1 X IAP
FI;09.577.034/0001-18;CAIEIRAS FIF MULTIMERCADO INVESTIMENTO NO EXTERIOR CRÉDITO PRIVADO RESPONSABILIDADE LIMITADA;2025-04-30;DIFERENCIAL DE SWAP A PAGAR;SWAP;;;;;;;;33605046.99;;;SDP;DI1 X PRE
FI;09.577.034/0001-18;CAIEIRAS FIF MULTIMERCADO INVESTIMENTO NO EXTERIOR CRÉDITO PRIVADO RESPONSABILIDADE LIMITADA;2025-04-30;DIFERENCIAL DE SWAP A RECEBER;SWAP;;;;;;;;4907006.40;;;SDP;DI1 X PRE
FI;09.720.523/0001-87;BB PREV MULTI II FIF MULTIMERCADO CRÉDITO PRIVADO RESPONSABILIDADE LIMITADA;2025-04-30;DIFERENCIAL DE SWAP A PAGAR;SWAP;;;;;;;;76436180.00;;;SDM;DI1 X IGM
FI;09.720.523/0001-87;BB PREV MULTI II FIF MULTIMERCADO CRÉDITO PRIVADO RESPONSABILIDADE LIMITADA;2025-04-30;DIFERENCIAL DE SWAP A RECEBER;SWAP;;;;;;;;41546640.00;;;SFD;IPC X DI1
FI;10.435.467/0001-18;SHARP MULTIMANAGER BBDC FI FINANCEIRO - CI MULT - RESP LIMITADA;2025-04-30;DIFERENCIAL DE SWAP A PAGAR;SWAP;;;;;;;;9436.14;;2025-07-29;Outros;999 X 999
FI;10.435.467/0001-18;SHARP MULTIMANAGER BBDC FI FINANCEIRO - CI MULT - RESP LIMITADA;2025-04-30;DIFERENCIAL DE SWAP A RECEBER;SWAP;;;;;;;;52795.37;;2025-07-29;Outros;999 X 999
FI;11.769.285/0001-46;SPHERE CLASSE DE INVESTIMENTO MULTIMERCADO CRÉDITO PRIVADO INVESTIMENTO NO EXTERIOR;2025-04-30;DIFERENCIAL DE SWAP A PAGAR;SWAP;;;;;;;;1639074258.73;;;SDP;DI1 X PRE
FI;11.769.285/0001-46;SPHERE CLASSE DE INVESTIMENTO MULTIMERCADO CRÉDITO PRIVADO INVESTIMENTO NO EXTERIOR;2025-04-30;DIFERENCIAL DE SWAP A PAGAR;SWAP;;;;;;;;682651981.35;;;SDL;DI1 X IAP
FI;11.769.285/0001-46;SPHERE CLASSE DE INVESTIMENTO MULTIMERCADO CRÉDITO PRIVADO INVESTIMENTO NO EXTERIOR;2025-04-30;DIFERENCIAL DE SWAP A PAGAR;SWAP;;;;;;;;602784606.97;;;SDC;DI1 X DOL
FI;11.769.285/0001-46;SPHERE CLASSE DE INVESTIMENTO MULTIMERCADO CRÉDITO PRIVADO INVESTIMENTO NO EXTERIOR;2025-04-30;DIFERENCIAL DE SWAP A PAGAR;SWAP;;;;;;;;1088202010.39;;;SCP;DOL X PRE
FI;11.769.285/0001-46;SPHERE CLASSE DE INVESTIMENTO MULTIMERCADO CRÉDITO PRIVADO INVESTIMENTO NO EXTERIOR;2025-04-30;DIFERENCIAL DE SWAP A PAGAR;SWAP;;;;;;;;58117453.22;;;SDE;DI1 X REU
FI;11.769.285/0001-46;SPHERE CLASSE DE INVESTIMENTO MULTIMERCADO CRÉDITO PRIVADO INVESTIMENTO NO EXTERIOR;2025-04-30;DIFERENCIAL DE SWAP A PAGAR;SWAP;;;;;;;;167466693.12;;;Outros;999 X 999
FI;11.769.285/0001-46;SPHERE CLASSE DE INVESTIMENTO MULTIMERCADO CRÉDITO PRIVADO INVESTIMENTO NO EXTERIOR;2025-04-30;DIFERENCIAL DE SWAP A RECEBER;SWAP;;;;;;;;496906767.79;;;Outros;999 X 999
FI;11.769.285/0001-46;SPHERE CLASSE DE INVESTIMENTO MULTIMERCADO CRÉDITO PRIVADO INVESTIMENTO NO EXTERIOR;2025-04-30;DIFERENCIAL DE SWAP A RECEBER;SWAP;;;;;;;;336035234.39;;;SDC;DI1 X DOL
FI;11.769.285/0001-46;SPHERE CLASSE DE INVESTIMENTO MULTIMERCADO CRÉDITO PRIVADO INVESTIMENTO NO EXTERIOR;2025-04-30;DIFERENCIAL DE SWAP A RECEBER;SWAP;;;;;;;;1384982618.79;;;SDP;DI1 X PRE
FI;11.769.285/0001-46;SPHERE CLASSE DE INVESTIMENTO MULTIMERCADO CRÉDITO PRIVADO INVESTIMENTO NO EXTERIOR;2025-04-30;DIFERENCIAL DE SWAP A RECEBER;SWAP;;;;;;;;1034514380.88;;;SDL;DI1 X IAP
FI;11.769.285/0001-46;SPHERE CLASSE DE INVESTIMENTO MULTIMERCADO CRÉDITO PRIVADO INVESTIMENTO NO EXTERIOR;2025-04-30;DIFERENCIAL DE SWAP A RECEBER;SWAP;;;;;;;;744845332.70;;;SCP;DOL X PRE
FI;12.610.561/0001-91;TOTAL FI FINANCEIRO - CI MULT CRED PRIV - RESP LIMITADA;2025-04-30;DIFERENCIAL DE SWAP A PAGAR;SWAP;;;;;;;;22472229.27;;2025-07-29;SDL;DI1 X IAP
FI;15.037.582/0001-58;BB PREV PÚBLICO RF FUNDO DE INVESTIMENTO FINANCEIRO RENDA FIXA RESPONSABILIDADE LIMITADA;2025-04-30;DIFERENCIAL DE SWAP A PAGAR;SWAP;;;;;;;;139748644.00;;;SDM;DI1 X IGM
FI;15.037.582/0001-58;BB PREV PÚBLICO RF FUNDO DE INVESTIMENTO FINANCEIRO RENDA FIXA RESPONSABILIDADE LIMITADA;2025-04-30;DIFERENCIAL DE SWAP A RECEBER;SWAP;;;;;;;;66474457.00;;;SFD;IPC X DI1
FI;15.740.377/0001-54;SANTANDER DIAMANTINA MULTIMERCADO CRÉDITO PRIVADO - FIF;2025-04-30;DIFERENCIAL DE SWAP A PAGAR;SWAP;;;;;;;;3977369025.97;;;SDP;DI1 X PRE
FI;15.740.377/0001-54;SANTANDER DIAMANTINA MULTIMERCADO CRÉDITO PRIVADO - FIF;2025-04-30;DIFERENCIAL DE SWAP A RECEBER;SWAP;;;;;;;;12433.39;;;SDP;DI1 X PRE
FI;22.681.938/0001-57;LC GLOBAL MASTER FUNDO DE INVESTIMENTO FINANCEIRO MULTIMERCADO CRÉDITO PRIVADO IE RESP LIMITADA;2025-04-30;DIFERENCIAL DE SWAP A RECEBER;SWAP;;;;;;;;84665.08;;2025-07-29;Outros;999 X 999
FI;27.883.656/0001-56;DHF FUNDO DE INVESTIMENTO FINANCEIRO;2025-04-30;DIFERENCIAL DE SWAP A RECEBER;SWAP;;;;;;;;787115.56;;2025-07-29;Outros;999 X 999
FI;27.883.656/0001-56;DHF FUNDO DE INVESTIMENTO FINANCEIRO;2025-04-30;DIFERENCIAL DE SWAP A RECEBER;SWAP;;;;;;;;2005200.00;;2025-07-29;SCP;DOL X PRE
FI;28.077.946/0001-75;PRATA FUNDO DE INVESTIMENTO MULTIMERCADO CRÉDITO PRIVADO;2025-04-30;DIFERENCIAL DE SWAP A PAGAR;SWAP;;;;;;;;0.00;;;Outros;999 X 999
FI;29.045.966/0001-27;JIANG FIF - CI MULTIMERCADO CRÉDITO PRIVADO - RESP LIMITADA;2025-04-30;DIFERENCIAL DE SWAP A PAGAR;SWAP;;;;;;;;16514703.01;;;SDP;DI1 X PRE
FI;29.045.966/0001-27;JIANG FIF - CI MULTIMERCADO CRÉDITO PRIVADO - RESP LIMITADA;2025-04-30;DIFERENCIAL DE SWAP A PAGAR;SWAP;;;;;;;;49629532.15;;;Outros;999 X 999
FI;29.045.966/0001-27;JIANG FIF - CI MULTIMERCADO CRÉDITO PRIVADO - RESP LIMITADA;2025-04-30;DIFERENCIAL DE SWAP A RECEBER;SWAP;;;;;;;;69454641.18;;;Outros;999 X 999
FI;29.045.966/0001-27;JIANG FIF - CI MULTIMERCADO CRÉDITO PRIVADO - RESP LIMITADA;2025-04-30;DIFERENCIAL DE SWAP A RECEBER;SWAP;;;;;;;;3971240.66;;;SDP;DI1 X PRE
FI;30.102.276/0001-41;SANTANDER HERMES RENDA FIXA FUNDO INCENTIVADO DE INVESTIMENTO EM INFRAESTRUTURA - FIF;2025-04-30;DIFERENCIAL DE SWAP A PAGAR;SWAP;;;;;;;;236457215.33;;;SDL;DI1 X IAP
FI;30.102.276/0001-41;SANTANDER HERMES RENDA FIXA FUNDO INCENTIVADO DE INVESTIMENTO EM INFRAESTRUTURA - FIF;2025-04-30;DIFERENCIAL DE SWAP A RECEBER;SWAP;;;;;;;;7267062.97;;;SDP;DI1 X PRE
FI;30.102.276/0001-41;SANTANDER HERMES RENDA FIXA FUNDO INCENTIVADO DE INVESTIMENTO EM INFRAESTRUTURA - FIF;2025-04-30;DIFERENCIAL DE SWAP A RECEBER;SWAP;;;;;;;;222268447.67;;;SDL;DI1 X IAP
FI;33.701.422/0001-43;MIZUHO BRAZIL FUNDO DE  INVESTIMENTO MULTIMERCADO CRÉDITO  PRIVADO - INVESTIMENTO NO EXTERIOR;2025-04-30;DIFERENCIAL DE SWAP A PAGAR;SWAP;;;;;;;;259699647.01;;;Outros;999 X 999
FI;33.701.422/0001-43;MIZUHO BRAZIL FUNDO DE  INVESTIMENTO MULTIMERCADO CRÉDITO  PRIVADO - INVESTIMENTO NO EXTERIOR;2025-04-30;DIFERENCIAL DE SWAP A RECEBER;SWAP;;;;;;;;259699647.01;;;Outros;999 X 999
FI;33.913.576/0001-07;DB II CLASSE DE INVESTIMENTO MULTIMERCADO INVESTIMENTO NO EXTERIOR CRÉDITO PRIVADO;2025-04-30;DIFERENCIAL DE SWAP A PAGAR;SWAP;;;;;;;;115198774.42;;;Outros;999 X 999
FI;33.913.576/0001-07;DB II CLASSE DE INVESTIMENTO MULTIMERCADO INVESTIMENTO NO EXTERIOR CRÉDITO PRIVADO;2025-04-30;DIFERENCIAL DE SWAP A PAGAR;SWAP;;;;;;;;9241933.87;;;SCP;DOL X PRE
FI;33.913.576/0001-07;DB II CLASSE DE INVESTIMENTO MULTIMERCADO INVESTIMENTO NO EXTERIOR CRÉDITO PRIVADO;2025-04-30;DIFERENCIAL DE SWAP A PAGAR;SWAP;;;;;;;;54973615.26;;;SDC;DI1 X DOL
FI;33.913.576/0001-07;DB II CLASSE DE INVESTIMENTO MULTIMERCADO INVESTIMENTO NO EXTERIOR CRÉDITO PRIVADO;2025-04-30;DIFERENCIAL DE SWAP A PAGAR;SWAP;;;;;;;;9301007.23;;;SDP;DI1 X PRE
FI;33.913.576/0001-07;DB II CLASSE DE INVESTIMENTO MULTIMERCADO INVESTIMENTO NO EXTERIOR CRÉDITO PRIVADO;2025-04-30;DIFERENCIAL DE SWAP A RECEBER;SWAP;;;;;;;;170519092.07;;;Outros;999 X 999
FI;33.913.576/0001-07;DB II CLASSE DE INVESTIMENTO MULTIMERCADO INVESTIMENTO NO EXTERIOR CRÉDITO PRIVADO;2025-04-30;DIFERENCIAL DE SWAP A RECEBER;SWAP;;;;;;;;25059079.15;;;SCP;DOL X PRE
FI;33.913.576/0001-07;DB II CLASSE DE INVESTIMENTO MULTIMERCADO INVESTIMENTO NO EXTERIOR CRÉDITO PRIVADO;2025-04-30;DIFERENCIAL DE SWAP A RECEBER;SWAP;;;;;;;;12221622.37;;;SDP;DI1 X PRE
FI;33.913.576/0001-07;DB II CLASSE DE INVESTIMENTO MULTIMERCADO INVESTIMENTO NO EXTERIOR CRÉDITO PRIVADO;2025-04-30;DIFERENCIAL DE SWAP A RECEBER;SWAP;;;;;;;;13358674.26;;;SDC;DI1 X DOL
FI;34.218.740/0001-10;TREND CANNABIS FUNDO DE INVESTIMENTO EM AÇÕES RESPONSABILIDADE LIMITADA;2025-04-30;DIFERENCIAL DE SWAP A PAGAR;SWAP;;;;;;;;7546.83;;2025-07-29;Outros;999 X 999
FI;34.218.740/0001-10;TREND CANNABIS FUNDO DE INVESTIMENTO EM AÇÕES RESPONSABILIDADE LIMITADA;2025-04-30;DIFERENCIAL DE SWAP A RECEBER;SWAP;;;;;;;;834554.54;;2025-07-29;Outros;999 X 999
FI;35.690.218/0001-08;BB MULTIMERCADO OURO FUNDO DE INVESTIMENTO FINANCEIRO RESPONSABILIDADE LIMITADA;2025-04-30;DIFERENCIAL DE SWAP A PAGAR;SWAP;;;;;;;;266057.60;;;SCO;DOL X OZ1
FI;35.690.218/0001-08;BB MULTIMERCADO OURO FUNDO DE INVESTIMENTO FINANCEIRO RESPONSABILIDADE LIMITADA;2025-04-30;DIFERENCIAL DE SWAP A RECEBER;SWAP;;;;;;;;62195549.09;;;SCO;DOL X OZ1
FI;35.813.066/0001-85;B3R FUNDO DE INVESTIMENTO FINANCEIRO EM AÇÕES RESPONSABILIDADE ILIMITADA;2025-04-30;DIFERENCIAL DE SWAP A RECEBER;SWAP;;;;;;;;44754.36;;;SDP;DI1 X PRE
FI;36.771.708/0001-93;STIMA ENERGIA FUNDO DE INVESTIMENTO FINANCEIRO;2025-04-30;DIFERENCIAL DE SWAP A PAGAR;SWAP;;;;;;;;3353303.21;;;SCP;DOL X PRE
FI;36.771.708/0001-93;STIMA ENERGIA FUNDO DE INVESTIMENTO FINANCEIRO;2025-04-30;DIFERENCIAL DE SWAP A RECEBER;SWAP;;;;;;;;1940364.40;;;SCP;DOL X PRE
FI;37.235.820/0001-72;BRAM OURO USD FI FINANCEIRO - CI MULT - RESP LIMITADA;2025-04-30;DIFERENCIAL DE SWAP A PAGAR;SWAP;;;;;;;;519136.92;;;Outros;999 X 999
FI;37.235.820/0001-72;BRAM OURO USD FI FINANCEIRO - CI MULT - RESP LIMITADA;2025-04-30;DIFERENCIAL DE SWAP A RECEBER;SWAP;;;;;;;;7745405.32;;;Outros;999 X 999
FI;37.235.861/0001-69;BRAM OURO FI FINANCEIRO - CI MULT - RESP LIMITADA;2025-04-30;DIFERENCIAL DE SWAP A RECEBER;SWAP;;;;;;;;8888811.99;;;Outros;999 X 999
FI;37.552.975/0001-32;TREND IMOBILIÁRIO AMERICANO FUNDO DE INVESTIMENTO EM AÇÕES RESPONSABILIDADE LIMITADA;2025-04-30;DIFERENCIAL DE SWAP A PAGAR;SWAP;;;;;;;;48389.30;;2025-07-29;Outros;999 X 999
FI;37.895.175/0001-14;TREND SAÚDE GLOBAL FUNDO DE INVESTIMENTO EM AÇÕES RESPONSABILIDADE LIMITADA;2025-04-30;DIFERENCIAL DE SWAP A PAGAR;SWAP;;;;;;;;77198.22;;2025-07-29;Outros;999 X 999
FI;37.895.175/0001-14;TREND SAÚDE GLOBAL FUNDO DE INVESTIMENTO EM AÇÕES RESPONSABILIDADE LIMITADA;2025-04-30;DIFERENCIAL DE SWAP A RECEBER;SWAP;;;;;;;;136445.32;;2025-07-29;Outros;999 X 999
FI;38.027.135/0001-13;TREND PRATA FUNDO DE INVESTIMENTO MULTIMERCADO RESPONSABILIDADE LIMITADA;2025-04-30;DIFERENCIAL DE SWAP A PAGAR;SWAP;;;;;;;;325182.42;;2025-07-29;Outros;999 X 999
FI;38.027.135/0001-13;TREND PRATA FUNDO DE INVESTIMENTO MULTIMERCADO RESPONSABILIDADE LIMITADA;2025-04-30;DIFERENCIAL DE SWAP A RECEBER;SWAP;;;;;;;;731152.78;;2025-07-29;Outros;999 X 999
FI;38.388.984/0001-00;BRAM EQUITY HEDGE FI FINANCEIRO - CI MULT - RESP LIMITADA;2025-04-30;DIFERENCIAL DE SWAP A PAGAR;SWAP;;;;;;;;864406.98;;;Outros;999 X 999
FI;38.658.114/0001-04;TARUMÃ FIF FUNDO INCENTIVADO EM INVESTIMENTO EM DEBÊNTURES DE INFRA RF CRED PRIV RESP LIMITADA;2025-04-30;DIFERENCIAL DE SWAP A PAGAR;SWAP;;;;;;;;4944338.73;;;SDL;DI1 X IAP
FI;38.658.114/0001-04;TARUMÃ FIF FUNDO INCENTIVADO EM INVESTIMENTO EM DEBÊNTURES DE INFRA RF CRED PRIV RESP LIMITADA;2025-04-30;DIFERENCIAL DE SWAP A RECEBER;SWAP;;;;;;;;7457235.96;;;SDL;DI1 X IAP
FI;39.937.544/0001-10;VINCI SELECTION LONG BIASED FIF - CLASSE DE INVESTIMENTO MULTIMERCADO - RESP  LIMITADA;2025-04-30;DIFERENCIAL DE SWAP A PAGAR;SWAP;;;;;;;;2915.07;;2025-07-29;Outros;999 X 999
FI;40.021.855/0001-13;BB TOP MULTIMERCADO CARBONO LONGO PRAZO FIF RESPONSABILIDADE LIMITADA;2025-04-30;DIFERENCIAL DE SWAP A PAGAR;SWAP;;;;;;;;494188.78;;;SSE;SEL X REU
FI;40.127.685/0001-56;VINCI RETORNO REAL FI FINANCEIRO - CI MULT - RESP LIMITADA;2025-04-30;DIFERENCIAL DE SWAP A PAGAR;SWAP;;;;;;;;546454.37;;2025-07-29;Outros;999 X 999
FI;41.593.482/0001-18;VINLAND PLUS MASTER FUNDO DE INVESTIMENTO FINANCEIRO MULTIMERCADO RESPONSABILIDADE LIMITADA;2025-04-30;DIFERENCIAL DE SWAP A PAGAR;SWAP;;;;;;;;1211.83;;2025-07-29;SDP;DI1 X PRE
FI;41.736.872/0001-08;SPS III FEEDER C FUNDO DE INVESTIMENTO FINANCEIRO;2025-04-30;DIFERENCIAL DE SWAP A PAGAR;SWAP;;;;;;;;1019.70;;;SCP;DOL X PRE
FI;41.736.872/0001-08;SPS III FEEDER C FUNDO DE INVESTIMENTO FINANCEIRO;2025-04-30;DIFERENCIAL DE SWAP A RECEBER;SWAP;;;;;;;;827145.36;;;SCP;DOL X PRE
FI;41.907.150/0001-60;CITRINO FUNDO DE INVESTIMENTO MULTIMERCADO INVESTIMENTO NO EXTERIOR;2025-04-30;DIFERENCIAL DE SWAP A PAGAR;SWAP;;;;;;;;0.00;;;SDP;DI1 X PRE
FI;42.279.987/0001-75;ELECTRON GLOBAL ADVISORY MÁSTER CI EM AÇÕES INVESTIMENTO NO EXTERIOR - RESP LIMITADA;2025-04-30;DIFERENCIAL DE SWAP A PAGAR;SWAP;;;;;;;;15171.82;;2025-07-29;SCP;DOL X PRE
FI;42.279.987/0001-75;ELECTRON GLOBAL ADVISORY MÁSTER CI EM AÇÕES INVESTIMENTO NO EXTERIOR - RESP LIMITADA;2025-04-30;DIFERENCIAL DE SWAP A RECEBER;SWAP;;;;;;;;290793.16;;2025-07-29;SCP;DOL X PRE
FI;42.404.779/0001-50;SPS III FEEDER B FUNDO  DE INVESTIMENTO FINANCEIRO;2025-04-30;DIFERENCIAL DE SWAP A PAGAR;SWAP;;;;;;;;1463.43;;;SCP;DOL X PRE
FI;42.404.779/0001-50;SPS III FEEDER B FUNDO  DE INVESTIMENTO FINANCEIRO;2025-04-30;DIFERENCIAL DE SWAP A RECEBER;SWAP;;;;;;;;1187090.74;;;SCP;DOL X PRE
FI;42.405.550/0001-30;SPS III FEEDER A FUNDO DE INVESTIMENTO FINANCEIRO;2025-04-30;DIFERENCIAL DE SWAP A PAGAR;SWAP;;;;;;;;1311.49;;;SCP;DOL X PRE
FI;42.405.550/0001-30;SPS III FEEDER A FUNDO DE INVESTIMENTO FINANCEIRO;2025-04-30;DIFERENCIAL DE SWAP A RECEBER;SWAP;;;;;;;;1063834.27;;;SCP;DOL X PRE
FI;42.556.281/0001-03;PCS II BRASIL FUNDO DE INVESTIMENTO FINANCEIRO;2025-04-30;DIFERENCIAL DE SWAP A RECEBER;SWAP;;;;;;;;34906.33;;2025-07-29;SDP;DI1 X PRE
FI;43.105.489/0001-79;Pictet TR Atlas Titan Advisory FIA IE;2025-04-30;DIFERENCIAL DE SWAP A PAGAR;SWAP;;;;;;;;19062.91;;2025-07-29;SCP;DOL X PRE
FI;43.105.489/0001-79;Pictet TR Atlas Titan Advisory FIA IE;2025-04-30;DIFERENCIAL DE SWAP A RECEBER;SWAP;;;;;;;;66347.55;;2025-07-29;SCP;DOL X PRE
FI;43.790.956/0001-47;CORETUBA ICATU PREVIDÊNCIA QUALIFICADO FI FINANCEIRO - CI MULT CRED PRIV - RESP LIMITADA;2025-04-30;DIFERENCIAL DE SWAP A PAGAR;SWAP;;;;;;;;3629.33;;;SDP;DI1 X PRE
FI;43.960.245/0001-73;AMW ISIS MASTER FUNDO DE INVESTIMENTO FINANCEIRO;2025-04-30;DIFERENCIAL DE SWAP A PAGAR;SWAP;;;;;;;;568.98;;;SDP;DI1 X PRE
FI;43.960.245/0001-73;AMW ISIS MASTER FUNDO DE INVESTIMENTO FINANCEIRO;2025-04-30;DIFERENCIAL DE SWAP A RECEBER;SWAP;;;;;;;;346.88;;;SDP;DI1 X PRE
FI;43.980.182/0001-17;ATLANTIS WP FUNDO DE INVESTIMENTO MULTIMERCADO CRÉDITO PRIVADO INVESTIMENTO NO EXTERIOR;2025-04-30;DIFERENCIAL DE SWAP A PAGAR;SWAP;;;;;;;;3246.67;;2025-07-29;Outros;999 X 999
FI;43.980.182/0001-17;ATLANTIS WP FUNDO DE INVESTIMENTO MULTIMERCADO CRÉDITO PRIVADO INVESTIMENTO NO EXTERIOR;2025-04-30;DIFERENCIAL DE SWAP A RECEBER;SWAP;;;;;;;;5718.21;;2025-07-29;Outros;999 X 999
FI;44.109.989/0001-41;ACUERE QUALIFICADO ICATU FI FINANCEIRO - CI MULT CRED PRIV - RESP LIMITADA;2025-04-30;DIFERENCIAL DE SWAP A PAGAR;SWAP;;;;;;;;6221.71;;;SDP;DI1 X PRE
FI;44.162.969/0001-34;TERRABLU ICATU QUALIFICADO FI FINANCEIRO - CI MULT CRED PRIV - RESP LIMITADA;2025-04-30;DIFERENCIAL DE SWAP A PAGAR;SWAP;;;;;;;;2246.73;;;SDP;DI1 X PRE
FI;44.283.966/0001-59;WARREN FO TÁTICO RF1 FUNDO DE INVESTIMENTO MULTIMERCADO CRÉDITO PRIVADO;2025-04-30;DIFERENCIAL DE SWAP A PAGAR;SWAP;;;;;;;;1368.67;;;SDP;DI1 X PRE
FI;44.283.966/0001-59;WARREN FO TÁTICO RF1 FUNDO DE INVESTIMENTO MULTIMERCADO CRÉDITO PRIVADO;2025-04-30;DIFERENCIAL DE SWAP A RECEBER;SWAP;;;;;;;;284850.00;;;SDP;DI1 X PRE
FI;44.836.316/0001-93;POLO ENDURANCE FUNDO DE INVESTIMENTO FINANCEIRO MULTIMERCADO - RESPONSABILIDADE LIMITADA;2025-04-30;DIFERENCIAL DE SWAP A PAGAR;SWAP;;;;;;;;268908.38;;2025-07-29;Outros;999 X 999
FI;44.903.494/0001-90;WP FUNDO DE INVESTIMENTO FINANCEIRO;2025-04-30;DIFERENCIAL DE SWAP A PAGAR;SWAP;;;;;;;;13819.15;;;SDP;DI1 X PRE
FI;48.970.281/0001-31;SUGOI FUNDO DE INVESTIMENTO MULTIMERCADO CRÉDITO PRIVADO INVESTIMENTO NO EXTERIOR;2025-04-30;DIFERENCIAL DE SWAP A PAGAR;SWAP;;;;;;;;504879.43;;2025-07-29;Outros;999 X 999
FI;50.533.505/0001-90;RIO BRAVO ESTRATÉGICO IPCA FI FINANCEIRO - CI RF - RESP LIMITADA;2025-04-30;DIFERENCIAL DE SWAP A PAGAR;SWAP;;;;;;;;2455350.32;;2025-07-29;SLP;IAP X PRE
FI;50.533.505/0001-90;RIO BRAVO ESTRATÉGICO IPCA FI FINANCEIRO - CI RF - RESP LIMITADA;2025-04-30;DIFERENCIAL DE SWAP A RECEBER;SWAP;;;;;;;;41406007.26;;2025-07-29;SNP;IND X PRE
FI;50.992.370/0001-20;CAIXA MASTER JUROS E MOEDAS FUNDO DE INVESTIMENTO FINANCEIRO MULTIMERCADO LONGO PRAZO-RESP LIMITADA;2025-04-30;DIFERENCIAL DE SWAP A PAGAR;SWAP;;;;;;;;175131.01;;;Outros;999 X 999
FI;71.586.432/0001-74;BRAM H MULTI FI FINANCEIRO - CI MULT CRED PRIV - RESP LIMITADA;2025-04-30;DIFERENCIAL DE SWAP A RECEBER;SWAP;;;;;;;;3088185.88;;;SDL;DI1 X IAP
